root_mean_squared_error,mean_absolute_error,mean_squared_error,accuracy,precision,recall,f1_score,confusion matrix,batch_size,epochs,threshold
0.5920434645509786,0.35051546391752575,0.35051546391752575,0.6494845360824743,0.01858736059479554,0.38461538461538464,0.03546099290780142,"[[499 264]
 [  8   5]]",25,25,0.01
0.4201742397536733,0.17654639175257733,0.17654639175257733,0.8234536082474226,0.0,0.0,0.0,"[[639 136]
 [  1   0]]",48,25,0.02
0.3150028636754138,0.09922680412371133,0.09922680412371133,0.9007731958762887,0.05194805194805195,0.5,0.09411764705882353,"[[695  73]
 [  4   4]]",100,25,0.03
0.22985876434539482,0.05283505154639175,0.05283505154639175,0.9471649484536082,0.0,0.0,0.0,"[[735  41]
 [  0   0]]",64,25,0.04
0.1683761131037224,0.028350515463917526,0.028350515463917526,0.9716494845360825,0.0,0.0,0.0,"[[754  22]
 [  0   0]]",32,25,0.05
0.0358979079308869,0.001288659793814433,0.001288659793814433,0.9987113402061856,0.0,0.0,0.0,"[[775   1]
 [  0   0]]",25,25,0.1
