root_mean_squared_error,mean_absolute_error,mean_squared_error,accuracy,precision,recall,f1_score,confusion matrix,batch_size,epochs,threshold
0.4433747811741175,0.19658119658119658,0.19658119658119658,0.8034188034188035,0.045454545454545456,0.3333333333333333,0.08,"[[93 21]
 [ 2  1]]",64,75,0.01
0.2773500981126146,0.07692307692307693,0.07692307692307693,0.9230769230769231,0.14285714285714285,0.25,0.18181818181818182,"[[107   6]
 [  3   1]]",25,100,0.02
0.20672455764868075,0.042735042735042736,0.042735042735042736,0.9572649572649573,0.0,0.0,0.0,"[[112   4]
 [  1   0]]",25,100,0.03
0.18490006540840973,0.03418803418803419,0.03418803418803419,0.9658119658119658,0.25,0.5,0.3333333333333333,"[[112   3]
 [  1   1]]",32,100,0.04
0.16012815380508713,0.02564102564102564,0.02564102564102564,0.9743589743589743,0.25,1.0,0.4,"[[113   3]
 [  0   1]]",32,100,0.05
0.09245003270420486,0.008547008547008548,0.008547008547008548,0.9914529914529915,0.0,0.0,0.0,"[[116   1]
 [  0   0]]",25,100,0.1
