threshold,accuracy,precision,recall,f1_score,confusion matrix,epochs,batch_size,optimizer,activation,dropout_rate,neurons,layers,rate_of_growth
0.5,0.5193661971830986,0.5193661971830986,1.0,0.6836616454229433,"[[  0 273]
 [  0 295]]",25,25,adam,sigmoid,0.1,32,2,0.001
0.44999999999999996,0.4964788732394366,0.4955357142857143,0.3908450704225352,0.43700787401574803,"[[171 113]
 [173 111]]",25,25,adam,relu,0.2,32,2,0.002
0.41999999999999993,0.5316901408450704,0.5230769230769231,0.3709090909090909,0.4340425531914894,"[[200  93]
 [173 102]]",25,25,adam,relu,0.2,32,2,0.003
0.45999999999999996,0.47183098591549294,0.4573304157549234,0.8007662835249042,0.5821727019498607,"[[ 59 248]
 [ 52 209]]",25,25,adam,sigmoid,0.1,32,2,0.004
0.42999999999999994,0.4823943661971831,0.4180327868852459,0.4015748031496063,0.40963855421686746,"[[172 142]
 [152 102]]",25,25,adam,relu,0.2,32,2,0.005
