threshold,accuracy,precision,recall,f1_score,confusion matrix,epochs,batch_size,optimizer,activation,dropout_rate,neurons,layers,rate_of_growth
0.5,0.5086805555555556,0.4641638225255973,0.5190839694656488,0.4900900900900901,"[[157 157]
 [126 136]]",50,25,adam,relu,0.2,64,3,0.001
0.45999999999999996,0.4322916666666667,0.4322916666666667,1.0,0.6036363636363636,"[[  0 327]
 [  0 249]]",50,25,adam,sigmoid,0.2,64,3,0.002
0.3999999999999999,0.5190972222222222,0.417910447761194,0.48068669527896996,0.4471057884231536,"[[187 156]
 [121 112]]",50,25,adam,relu,0.2,64,3,0.003
0.4099999999999999,0.5295138888888888,0.41007194244604317,0.5158371040723982,0.45691382765531063,"[[191 164]
 [107 114]]",50,25,adam,relu,0.2,64,3,0.004
0.3799999999999999,0.3628472222222222,0.3606271777003484,1.0,0.5300896286811779,"[[  2 367]
 [  0 207]]",50,25,sgd,relu,0.2,64,3,0.005
