threshold,accuracy,precision,recall,f1_score,confusion matrix,epochs,batch_size,optimizer,activation,dropout_rate,neurons,layers,rate_of_growth
0.5,0.5,0.4605263157894737,0.712468193384224,0.5594405594405595,"[[161 328]
 [113 280]]",25,25,adam,relu,0.2,32,2,0.001
0.45999999999999996,0.5680272108843537,0.48,0.2903225806451613,0.3618090452261307,"[[393 117]
 [264 108]]",25,25,adam,relu,0.2,32,2,0.002
0.44999999999999996,0.5498866213151927,0.42657342657342656,0.3436619718309859,0.3806552262090484,"[[363 164]
 [233 122]]",25,25,adam,relu,0.2,32,2,0.003
0.41999999999999993,0.54421768707483,0.3961661341853035,0.36795252225519287,0.3815384615384615,"[[356 189]
 [213 124]]",25,25,adam,relu,0.1,32,2,0.004
0.4099999999999999,0.5816326530612245,0.4,0.31347962382445144,0.35149384885764506,"[[413 150]
 [219 100]]",25,25,adam,relu,0.1,32,2,0.005
