threshold,accuracy,precision,recall,f1_score,confusion matrix,epochs,batch_size,optimizer,activation,dropout_rate,neurons,layers,rate_of_growth
0.5,0.5266666666666666,0.5243445692883895,0.31890660592255127,0.3966005665722379,"[[334 127]
 [299 140]]",25,25,adam,relu,0.2,32,2,0.001
0.42999999999999994,0.5166666666666667,0.4448979591836735,0.26715686274509803,0.33384379785604906,"[[356 136]
 [299 109]]",25,25,adam,relu,0.1,32,2,0.002
0.4099999999999999,0.5355555555555556,0.4351464435146444,0.268733850129199,0.3322683706070288,"[[378 135]
 [283 104]]",25,25,sgd,relu,0.2,32,2,0.003
0.3799999999999999,0.39222222222222225,0.39222222222222225,1.0,0.5634477254588987,"[[  0 547]
 [  0 353]]",25,25,adam,sigmoid,0.2,32,2,0.004
0.34999999999999987,0.36333333333333334,0.36333333333333334,1.0,0.5330073349633252,"[[  0 573]
 [  0 327]]",25,25,adam,sigmoid,0.2,32,2,0.005
