threshold,accuracy,precision,recall,f1_score,confusion matrix,epochs,batch_size,optimizer,activation,dropout_rate,neurons,layers,rate_of_growth
0.5,0.5154777927321669,0.48787061994609165,0.5156695156695157,0.5013850415512466,"[[202 190]
 [170 181]]",25,25,adam,relu,0.0,32,2,0.001
0.44999999999999996,0.5356662180349933,0.48497854077253216,0.3343195266272189,0.39579684763572676,"[[285 120]
 [225 113]]",25,25,adam,relu,0.2,32,2,0.002
0.42999999999999994,0.42799461641991926,0.42799461641991926,1.0,0.5994344957587182,"[[  0 425]
 [  0 318]]",25,25,adam,sigmoid,0.2,32,2,0.003
0.4099999999999999,0.5720053835800808,0.45689655172413796,0.35570469798657717,0.4,"[[319 126]
 [192 106]]",25,25,adam,relu,0.2,32,2,0.004
0.3799999999999999,0.5935397039030955,0.4497816593886463,0.36917562724014336,0.40551181102362205,"[[338 126]
 [176 103]]",25,25,adam,relu,0.2,32,2,0.005
