root_mean_squared_error,mean_absolute_error,mean_squared_error,accuracy,precision,recall,f1_score,confusion matrix,epochs,batch_size,threshold
0.9010914559387476,0.811965811965812,0.811965811965812,0.1880341880341881,1.0,0.1880341880341881,0.31654676258992803,"[[ 0  0]
 [95 22]]",25,25,0.01
0.9696241231378994,0.9401709401709402,0.9401709401709402,0.05982905982905984,1.0,0.05982905982905984,0.1129032258064516,"[[  0   0]
 [110   7]]",25,25,0.02
0.9827573280377846,0.9658119658119658,0.9658119658119658,0.034188034188034185,1.0,0.034188034188034185,0.06611570247933883,"[[  0   0]
 [113   4]]",25,25,0.03
0.9827573280377846,0.9658119658119658,0.9658119658119658,0.034188034188034185,1.0,0.034188034188034185,0.06611570247933883,"[[  0   0]
 [113   4]]",25,25,0.04
0.9827573280377846,0.9658119658119658,0.9658119658119658,0.034188034188034185,1.0,0.034188034188034185,0.06611570247933883,"[[  0   0]
 [113   4]]",25,25,0.05
0.9957173250742358,0.9914529914529916,0.9914529914529916,0.008547008547008548,1.0,0.008547008547008548,0.016949152542372885,"[[  0   0]
 [116   1]]",25,25,0.1
