root_mean_squared_error,mean_absolute_error,mean_squared_error,accuracy,recall,precision,f1_score,confusion matrix,epochs,batch_size,rate_of_growth
0.5480488742201456,0.300357568533969,0.300357568533969,0.6996424314660311,0.0,0.0,0.0,"[[587, 0], [252, 0]]",25,48,0.01
0.4055632202576375,0.16448152562574495,0.16448152562574495,0.8355184743742551,0.2537313432835821,0.4722222222222222,0.3300970873786408,"[[667, 38], [100, 34]]",100,48,0.02
0.3087905585642198,0.09535160905840286,0.09535160905840286,0.9046483909415972,0.2,0.5,0.2857142857142857,"[[743, 16], [64, 16]]",100,25,0.03
0.23668348130322,0.05601907032181168,0.05601907032181168,0.9439809296781884,0.0,0.0,0.0,"[[792, 0], [47, 0]]",25,48,0.04
0.17261916993993134,0.029797377830750895,0.029797377830750895,0.9702026221692492,0.0,0.0,0.0,"[[814, 0], [25, 0]]",50,64,0.05
