root_mean_squared_error,mean_absolute_error,mean_squared_error,accuracy,recall,precision,f1_score,confusion matrix,epochs,batch_size,rate_of_growth
0.5277285375327213,0.2784974093264249,0.2784974093264249,0.7215025906735751,0.0,0.0,0.0,"[[557, 0], [215, 0]]",25,100,0.01
0.4103581148014739,0.16839378238341968,0.16839378238341968,0.8316062176165803,0.234375,0.4838709677419355,0.3157894736842105,"[[612, 32], [98, 30]]",75,48,0.02
0.29459729253141376,0.08678756476683938,0.08678756476683938,0.9132124352331606,0.05357142857142857,0.17647058823529413,0.0821917808219178,"[[702, 14], [53, 3]]",100,48,0.03
0.20675133370703394,0.042746113989637305,0.042746113989637305,0.9572538860103628,0.09375,0.42857142857142855,0.15384615384615385,"[[736, 4], [29, 3]]",100,25,0.04
0.1609556949949126,0.02590673575129533,0.02590673575129533,0.9740932642487048,0.0,0.0,0.0,"[[752, 1], [19, 0]]",100,64,0.05
