threshold,accuracy,precision,recall,f1_score,confusion matrix,epochs,batch_size,optimizer,activation,dropout_rate,neurons,layers,rate_of_growth
0.5,0.5559360730593608,0.5559360730593608,1.0,0.714600146735143,"[[  0 389]
 [  0 487]]",25,25,adam,sigmoid,0.2,32,2,0.001
0.5,0.5273972602739726,0.5273972602739726,1.0,0.6905829596412556,"[[  0 414]
 [  0 462]]",25,25,adam,sigmoid,0.2,32,2,0.002
0.5,0.4874429223744292,0.48655913978494625,0.4123006833712984,0.44636251541307026,"[[246 191]
 [258 181]]",25,25,adam,relu,0.2,32,2,0.003
0.5,0.5148401826484018,0.4816326530612245,0.28365384615384615,0.35703479576399394,"[[333 127]
 [298 118]]",25,25,adam,relu,0.2,32,2,0.004
0.49,0.5079908675799086,0.43478260869565216,0.27638190954773867,0.33794162826420887,"[[335 143]
 [288 110]]",25,32,adam,relu,0.2,32,2,0.005
