threshold,accuracy,precision,recall,f1_score,confusion matrix,epochs,batch_size,optimizer,activation,dropout_rate,neurons,layers,rate_of_growth
0.44999999999999996,0.48329621380846327,0.4312977099236641,0.26401869158878505,0.327536231884058,"[[321 149]
 [315 113]]",25,25,adam,relu,0.2,32,2,0.001
0.43999999999999995,0.44988864142538976,0.44988864142538976,1.0,0.620583717357911,"[[  0 494]
 [  0 404]]",25,25,adam,sigmoid,0.2,32,2,0.002
0.4099999999999999,0.4365256124721604,0.4365256124721604,1.0,0.6077519379844961,"[[  0 506]
 [  0 392]]",25,25,adam,sigmoid,0.2,32,2,0.003
0.3899999999999999,0.5467706013363028,0.44176706827309237,0.291005291005291,0.3508771929824561,"[[381 139]
 [268 110]]",25,25,adam,relu,0.2,32,2,0.004
0.3599999999999999,0.5211581291759465,0.37894736842105264,0.29916897506925205,0.33436532507739936,"[[360 177]
 [253 108]]",25,25,adam,relu,0.2,32,2,0.005
