threshold,accuracy,precision,recall,f1_score,confusion matrix,epochs,batch_size,optimizer,activation,dropout_rate,neurons,layers,rate_of_growth
0.43999999999999995,0.5135483870967742,0.49344978165938863,0.30213903743315507,0.374792703150912,"[[285 116]
 [261 113]]",25,25,adam,relu,0.2,32,2,0.001
0.45999999999999996,0.4619354838709677,0.4619354838709677,1.0,0.6319505736981464,"[[  0 417]
 [  0 358]]",25,25,adam,sigmoid,0.2,32,2,0.002
0.44999999999999996,0.5380645161290323,0.453781512605042,0.32142857142857145,0.37630662020905925,"[[309 130]
 [228 108]]",25,25,adam,relu,0.2,32,2,0.003
0.4099999999999999,0.512258064516129,0.4013377926421405,0.3761755485893417,0.38834951456310685,"[[277 179]
 [199 120]]",25,25,adam,relu,0.2,32,2,0.004
0.42999999999999994,0.5135483870967742,0.3614864864864865,0.36271186440677966,0.362098138747885,"[[291 189]
 [188 107]]",25,25,adam,relu,0.1,32,2,0.005
