threshold,accuracy,precision,recall,f1_score,confusion matrix,epochs,batch_size,optimizer,activation,dropout_rate,neurons,layers,rate_of_growth
0.43999999999999995,0.48053392658509453,0.48053392658509453,1.0,0.6491359879789632,"[[  0 467]
 [  0 432]]",25,25,adam,sigmoid,0.2,32,2,0.001
0.4099999999999999,0.45272525027808674,0.45272525027808674,1.0,0.6232771822358346,"[[  0 492]
 [  0 407]]",25,25,adam,sigmoid,0.2,32,2,0.002
0.4099999999999999,0.5550611790878754,0.45495495495495497,0.2657894736842105,0.33554817275747506,"[[398 121]
 [279 101]]",25,25,adam,relu,0.2,32,2,0.003
0.34999999999999987,0.3770856507230256,0.3770856507230256,1.0,0.5476575121163166,"[[  0 560]
 [  0 339]]",50,25,adam,sigmoid,0.2,32,2,0.004
0.32999999999999985,0.41601779755283647,0.34023668639053256,0.7443365695792881,0.467005076142132,"[[144 446]
 [ 79 230]]",25,25,sgd,sigmoid,0.2,32,2,0.005
