root_mean_squared_error,mean_absolute_error,mean_squared_error,accuracy,precision,recall,f1_score,confusion matrix,batch_size,epochs,rate_of_growth
0.43362909039199393,0.18803418803418803,0.18803418803418803,0.811965811965812,0.13636363636363635,0.5,0.21428571428571427,"[[92 19]
 [ 3  3]]",25,100,0.01
0.2773500981126146,0.07692307692307693,0.07692307692307693,0.9230769230769231,0.14285714285714285,0.25,0.18181818181818182,"[[107   6]
 [  3   1]]",25,100,0.02
0.22645540682891915,0.05128205128205128,0.05128205128205128,0.9487179487179487,0.25,0.25,0.25,"[[110   3]
 [  3   1]]",25,100,0.03
0.18490006540840973,0.03418803418803419,0.03418803418803419,0.9658119658119658,0.0,0.0,0.0,"[[113   4]
 [  0   0]]",25,100,0.04
0.20672455764868075,0.042735042735042736,0.042735042735042736,0.9572649572649573,0.0,0.0,0.0,"[[112   4]
 [  1   0]]",25,100,0.05
