root_mean_squared_error,mean_absolute_error,mean_squared_error,accuracy,precision,recall,f1_score,confusion matrix,epochs,batch_size,rate_of_growth
0.5345224838248488,0.2857142857142857,0.2857142857142857,0.7142857142857143,0.24166666666666667,0.6041666666666666,0.3452380952380952,"[[492 182]
 [ 38  58]]",100,48,0.01
0.39967519280067876,0.15974025974025974,0.15974025974025974,0.8402597402597403,0.2826086956521739,0.6190476190476191,0.3880597014925373,"[[608  99]
 [ 24  39]]",100,25,0.02
0.3203082930512456,0.1025974025974026,0.1025974025974026,0.8974025974025974,0.23529411764705882,0.37209302325581395,0.2882882882882883,"[[675  52]
 [ 27  16]]",75,25,0.03
0.23075258015188746,0.053246753246753244,0.053246753246753244,0.9467532467532468,0.0,0.0,0.0,"[[729  41]
 [  0   0]]",50,25,0.04
0.19069251784911845,0.03636363636363636,0.03636363636363636,0.9636363636363636,0.0,0.0,0.0,"[[742  28]
 [  0   0]]",50,25,0.05
