root_mean_squared_error,mean_absolute_error,mean_squared_error,accuracy,precision,recall,f1_score,confusion matrix,C,gamma,kernel,threshold
0.5189159305867953,0.26927374301675977,0.26927374301675977,0.7307262569832402,0.6,0.012396694214876032,0.024291497975708502,"[[651   2]
 [239   3]]",1.0,0.1,rbf,0.01
0.3661669186184121,0.1340782122905028,0.1340782122905028,0.8659217877094972,0.4,0.01680672268907563,0.03225806451612903,"[[773   3]
 [117   2]]",1000.0,0.001,rbf,0.02
0.3392400313681768,0.11508379888268155,0.11508379888268155,0.8849162011173184,0.08163265306122447,0.06451612903225806,0.07207207207207209,"[[788  45]
 [ 58   4]]",1000.0,0.1,rbf,0.03
0.2217250801627645,0.04916201117318435,0.04916201117318435,0.9508379888268156,0.2,0.125,0.15384615384615385,"[[847  16]
 [ 28   4]]",1.0,0.01,sigmoid,0.04
0.14570192270292665,0.02122905027932961,0.02122905027932961,0.9787709497206704,0.25,0.05882352941176471,0.09523809523809523,"[[875   3]
 [ 16   1]]",1000.0,0.01,rbf,0.05
0.06685262704648756,0.004469273743016759,0.004469273743016759,0.9955307262569832,0.0,0.0,0.0,"[[891   0]
 [  4   0]]",0.1,0.1,sigmoid,0.1
