root_mean_squared_error,mean_absolute_error,mean_squared_error,accuracy,precision,recall,f1_score,confusion matrix,rate_of_growth,metric,n_neighbors,weights,algorithm
0.5720775535473553,0.32727272727272727,0.32727272727272727,0.6727272727272727,0.2303370786516854,0.21354166666666666,0.22162162162162163,"[[551 137]
 [151  41]]",0.01,euclidean,1,uniform,ball_tree
0.337099931231621,0.11363636363636363,0.11363636363636363,0.8863636363636364,0.16666666666666666,0.09722222222222222,0.12280701754385964,"[[773  35]
 [ 65   7]]",0.02,manhattan,1,uniform,ball_tree
0.21846572437632575,0.04772727272727273,0.04772727272727273,0.9522727272727273,0.047619047619047616,0.043478260869565216,0.04545454545454545,"[[837  20]
 [ 22   1]]",0.03,manhattan,1,uniform,ball_tree
0.13898986228564233,0.019318181818181818,0.019318181818181818,0.9806818181818182,0.0,0.0,0.0,"[[863   8]
 [  9   0]]",0.04,euclidean,1,uniform,ball_tree
0.11677484162422844,0.013636363636363636,0.013636363636363636,0.9863636363636363,0.0,0.0,0.0,"[[868   8]
 [  4   0]]",0.05,euclidean,1,uniform,ball_tree
