root_mean_squared_error,mean_absolute_error,mean_squared_error,accuracy,precision,recall,f1_score,confusion matrix,epochs,batch_size,rate_of_growth
0.8857754875168505,0.7845982142857143,0.7845982142857143,0.21540178571428573,1.0,0.21540178571428573,0.3544536271808999,"[[  0   0]
 [703 193]]",25,25,0.01
0.9460915842106861,0.8950892857142857,0.8950892857142857,0.10491071428571429,1.0,0.10491071428571429,0.18989898989898993,"[[  0   0]
 [802  94]]",25,25,0.02
0.9716977043151993,0.9441964285714286,0.9441964285714286,0.05580357142857143,1.0,0.05580357142857143,0.10570824524312897,"[[  0   0]
 [846  50]]",25,25,0.03
0.985950411676832,0.9720982142857143,0.9720982142857143,0.027901785714285716,1.0,0.027901785714285716,0.054288816503800214,"[[  0   0]
 [871  25]]",25,25,0.04
0.9921567416492215,0.984375,0.984375,0.015625,1.0,0.015625,0.03076923076923077,"[[  0   0]
 [882  14]]",25,25,0.05
