root_mean_squared_error,mean_absolute_error,mean_squared_error,accuracy,precision,recall,f1_score,confusion matrix,epochs,batch_size,rate_of_growth
0.8733114055478194,0.7626728110599078,0.7626728110599078,0.23732718894009217,1.0,0.23732718894009217,0.3836126629422719,"[[  0   0]
 [662 206]]",25,25,0.01
0.9381813959982552,0.880184331797235,0.880184331797235,0.11981566820276497,1.0,0.11981566820276497,0.2139917695473251,"[[  0   0]
 [764 104]]",25,25,0.02
0.9719570262256934,0.9447004608294931,0.9447004608294931,0.055299539170506916,1.0,0.055299539170506916,0.10480349344978167,"[[  0   0]
 [820  48]]",25,25,0.03
0.984909174974682,0.9700460829493087,0.9700460829493087,0.029953917050691243,1.0,0.029953917050691243,0.058165548098434,"[[  0   0]
 [842  26]]",25,25,0.04
0.9913217913519387,0.9827188940092166,0.9827188940092166,0.01728110599078341,1.0,0.01728110599078341,0.03397508493771235,"[[  0   0]
 [853  15]]",25,25,0.05
