root_mean_squared_error,mean_absolute_error,mean_squared_error,accuracy,precision,recall,f1_score,confusion matrix,epochs,batch_size,rate_of_growth
0.8743192667090026,0.7644341801385681,0.7644341801385681,0.23556581986143188,1.0,0.23556581986143188,0.3813084112149533,"[[  0   0]
 [662 204]]",25,25,0.01
0.9484398274195184,0.8995381062355658,0.8995381062355658,0.10046189376443418,1.0,0.10046189376443418,0.1825813221406086,"[[  0   0]
 [779  87]]",25,25,0.02
0.9772232897182033,0.9549653579676675,0.9549653579676675,0.04503464203233257,1.0,0.04503464203233257,0.0861878453038674,"[[  0   0]
 [827  39]]",25,25,0.03
0.9907190567575819,0.9815242494226328,0.9815242494226328,0.018475750577367205,1.0,0.018475750577367205,0.036281179138321996,"[[  0   0]
 [850  16]]",25,25,0.04
0.9947901237448183,0.9896073903002309,0.9896073903002309,0.010392609699769052,1.0,0.010392609699769052,0.02057142857142857,"[[  0   0]
 [857   9]]",25,25,0.05
