root_mean_squared_error,mean_absolute_error,mean_squared_error,accuracy,precision,recall,f1_score,confusion matrix,C,gamma,kernel,rate_of_growth
0.5914047813339146,0.34975961538461536,0.34975961538461536,0.6502403846153846,0.1962025316455696,0.15897435897435896,0.17563739376770537,"[[510 127]
 [164  31]]",1000,0.001,sigmoid,0.01
0.40430377003131995,0.16346153846153846,0.16346153846153846,0.8365384615384616,0.15,0.09574468085106383,0.11688311688311688,"[[687  51]
 [ 85   9]]",1000,0.001,sigmoid,0.02
0.2837760492956482,0.08052884615384616,0.08052884615384616,0.9194711538461539,0.12903225806451613,0.09090909090909091,0.10666666666666667,"[[761  27]
 [ 40   4]]",1000,0.1,rbf,0.03
0.23256512735476587,0.054086538461538464,0.054086538461538464,0.9459134615384616,0.0,0.0,0.0,"[[787  25]
 [ 20   0]]",100,0.1,sigmoid,0.04
0.1429429687242164,0.020432692307692308,0.020432692307692308,0.9795673076923077,0.0,0.0,0.0,"[[815   4]
 [ 13   0]]",1,0.01,sigmoid,0.05
