root_mean_squared_error,mean_absolute_error,mean_squared_error,accuracy,precision,recall,f1_score,confusion matrix,C,gamma,kernel,rate_of_growth
0.6919346680906083,0.47877358490566035,0.47877358490566035,0.5212264150943396,0.38028169014084506,0.31952662721893493,0.34726688102893893,"[[167  88]
 [115  54]]",1000,0.0001,sigmoid,0.01
0.5868045864182636,0.3443396226415094,0.3443396226415094,0.6556603773584906,0.2980769230769231,0.2980769230769231,0.2980769230769231,"[[247  73]
 [ 73  31]]",10,0.001,sigmoid,0.02
0.48320861544237376,0.23349056603773585,0.23349056603773585,0.7665094339622641,0.1568627450980392,0.125,0.1391304347826087,"[[317  43]
 [ 56   8]]",100,0.001,sigmoid,0.03
0.3823956264058725,0.14622641509433962,0.14622641509433962,0.8537735849056604,0.13333333333333333,0.1,0.1142857142857143,"[[358  26]
 [ 36   4]]",1000,0.1,rbf,0.04
0.27472112789737807,0.07547169811320754,0.07547169811320754,0.9245283018867925,0.0,0.0,0.0,"[[392  12]
 [ 20   0]]",100,0.1,rbf,0.05
