root_mean_squared_error,mean_absolute_error,mean_squared_error,accuracy,precision,recall,f1_score,confusion matrix,C,gamma,kernel,rate_of_growth
0.4134491152973615,0.17094017094017094,0.17094017094017094,0.8290598290598291,1.0,0.09090909090909091,0.16666666666666669,"[[95  0]
 [20  2]]",1000,0.1,rbf,0.01
0.34591634777518054,0.11965811965811966,0.11965811965811966,0.8803418803418803,0.1111111111111111,0.14285714285714285,0.125,"[[102   8]
 [  6   1]]",100,0.0001,sigmoid,0.02
0.2773500981126146,0.07692307692307693,0.07692307692307693,0.9230769230769231,0.14285714285714285,0.25,0.18181818181818182,"[[107   6]
 [  3   1]]",100,0.001,sigmoid,0.03
0.22645540682891915,0.05128205128205128,0.05128205128205128,0.9487179487179487,0.25,0.25,0.25,"[[110   3]
 [  3   1]]",10,0.1,sigmoid,0.04
0.18490006540840973,0.03418803418803419,0.03418803418803419,0.9658119658119658,0.5,0.25,0.3333333333333333,"[[112   1]
 [  3   1]]",1000,0.0001,sigmoid,0.05
